Unnamed: 0,Random Order,Model,Emotion,Sex,Race,Age,condition_name,image_filename,Run Number,ISI
25,0.022560575,4,Disgust,Female,WC,Young,faces,4Disgust_Model4_1Female_1WC_1Young.mp4,1,2
62,0.028048934,2,Anger,Female,WC,Old,faces,5Anger_Model2_1Female_1WC_2Old.mp4,1,1
92,0.034577865,1,Disgust,Male,WC,Old,faces,4Disgust_Model1_2Male_1WC_2Old.mp4,1,1
90,0.050564068,4,Anger,Female,African,Old,faces,5Anger_Model4_1Female_3African_2Old.mp4,1,2
83,0.068968588,2,Surprise,Male,African,Young,faces,2Surprise_Model2_2Male_3African_1Young.mp4,1,1
55,0.075795102,4,Sad,Male,WC,Young,faces,6Sad_Model4_2Male_1WC_1Young.mp4,1,5
81,0.076995757,5,Fear,Male,EA,Young,faces,3Fear_Model5_2Male_2EA_1Young.mp4,1,1
60,0.081808435,3,Fear,Male,African,Old,faces,3Fear_Model3_2Male_3African_2Old.mp4,1,1
93,0.120467367,3,Surprise,Male,EA,Young,faces,2Surprise_Model3_2Male_2EA_1Young.mp4,1,1
93,0.157095694,4,Anger,Male,EA,Young,faces,5Anger_Model4_2Male_2EA_1Young.mp4,1,1
49,0.172840435,2,Pleasure,Female,WC,Young,faces,8Pleasure_Model2_1Female_1WC_1Young.mp4,1,3
24,0.176279942,2,Happy,Male,African,Old,faces,1Happy_Model2_2Male_3African_2Old.mp4,1,2
43,0.194242817,4,Happy,Male,WC,Young,faces,1Happy_Model4_2Male_1WC_1Young.mp4,1,3
91,0.200192614,1,Disgust,Male,WC,Young,faces,4Disgust_Model1_2Male_1WC_1Young.mp4,1,2
75,0.205155994,5,Fear,Female,EA,Young,faces,3Fear_Model5_1Female_2EA_1Young.mp4,1,2
15,0.220436029,3,Disgust,Female,EA,Young,faces,4Disgust_Model3_1Female_2EA_1Young.mp4,1,2
23,0.224506193,3,Disgust,Male,African,Young,faces,4Disgust_Model3_2Male_3African_1Young.mp4,1,2
37,0.230769869,3,Sad,Female,WC,Young,faces,6Sad_Model3_1Female_1WC_1Young.mp4,1,2
89,0.233367216,2,Pain,Female,African,Young,faces,7Pain_Model2_1Female_3African_1Young.mp4,1,4
90,0.251606901,1,Disgust,Female,African,Old,faces,4Disgust_Model1_1Female_3African_2Old.mp4,1,1
33,0.254883303,5,Pain,Male,EA,Young,faces,7Pain_Model5_2Male_2EA_1Young.mp4,1,2
93,0.266189935,5,Pleasure,Male,EA,Young,faces,8Pleasure_Model5_2Male_2EA_1Young.mp4,1,1
25,0.271202564,1,Fear,Female,WC,Young,faces,3Fear_Model1_1Female_1WC_1Young.mp4,1,2
26,0.276338103,3,Happy,Female,WC,Old,faces,1Happy_Model3_1Female_1WC_2Old.mp4,1,2
43,0.276918655,2,Fear,Male,WC,Young,faces,3Fear_Model2_2Male_1WC_1Young.mp4,1,2
32,0.283274353,5,Pain,Male,WC,Old,faces,7Pain_Model5_2Male_1WC_2Old.mp4,1,1
23,0.285108468,2,Happy,Male,African,Young,faces,1Happy_Model2_2Male_3African_1Young.mp4,1,1
44,0.285897198,2,Fear,Male,WC,Old,faces,3Fear_Model2_2Male_1WC_2Old.mp4,1,1
18,0.286935042,4,Pain,Female,African,Old,faces,7Pain_Model4_1Female_3African_2Old.mp4,1,2
68,0.288736902,5,Sad,Male,WC,Old,faces,6Sad_Model5_2Male_1WC_2Old.mp4,1,2
64,0.290005752,1,Surprise,Female,EA,Old,faces,2Surprise_Model1_1Female_2EA_2Old.mp4,1,2
46,0.290056727,5,Disgust,Male,EA,Old,faces,4Disgust_Model5_2Male_2EA_2Old.mp4,1,1
16,0.295474596,2,Happy,Female,EA,Old,faces,1Happy_Model2_1Female_2EA_2Old.mp4,1,1
17,0.304369004,1,Sad,Female,African,Young,faces,6Sad_Model1_1Female_3African_1Young.mp4,1,2
46,0.305681451,4,Happy,Male,EA,Old,faces,1Happy_Model4_2Male_2EA_2Old.mp4,1,1
83,0.327298817,4,Pleasure,Male,African,Young,faces,8Pleasure_Model4_2Male_3African_1Young.mp4,1,1
59,0.34341159,3,Fear,Male,African,Young,faces,3Fear_Model3_2Male_3African_1Young.mp4,1,3
54,0.344248711,2,Pleasure,Female,African,Old,faces,8Pleasure_Model2_1Female_3African_2Old.mp4,1,3
79,0.354644248,2,Surprise,Male,WC,Young,faces,2Surprise_Model2_2Male_1WC_1Young.mp4,1,4
66,0.358519341,5,Sad,Female,African,Old,faces,6Sad_Model5_1Female_3African_2Old.mp4,1,2
89,0.363834913,3,Surprise,Female,African,Young,faces,2Surprise_Model3_1Female_3African_1Young.mp4,1,2
58,0.371881262,1,Anger,Male,EA,Old,faces,5Anger_Model1_2Male_2EA_2Old.mp4,1,1
64,0.403242118,2,Anger,Female,EA,Old,faces,5Anger_Model2_1Female_2EA_2Old.mp4,1,2
53,0.40860752,5,Happy,Female,African,Young,faces,1Happy_Model5_1Female_3African_1Young.mp4,1,1
66,0.413275168,4,Fear,Female,African,Old,faces,3Fear_Model4_1Female_3African_2Old.mp4,1,3
35,0.417058077,5,Pain,Male,African,Young,faces,7Pain_Model5_2Male_3African_1Young.mp4,1,3
89,0.451714631,1,Disgust,Female,African,Young,faces,4Disgust_Model1_1Female_3African_1Young.mp4,1,2
44,0.471316056,1,Pleasure,Male,WC,Old,faces,8Pleasure_Model1_2Male_1WC_2Old.mp4,1,2
36,0.483530908,4,Disgust,Male,African,Old,faces,4Disgust_Model4_2Male_3African_2Old.mp4,1,2
8,0.491127589,5,Anger,Male,WC,Old,faces,5Anger_Model5_2Male_1WC_2Old.mp4,1,2
51,0.493111398,4,Sad,Female,EA,Young,faces,6Sad_Model4_1Female_2EA_1Young.mp4,1,2
71,0.510186574,5,Sad,Male,African,Young,faces,6Sad_Model5_2Male_3African_1Young.mp4,1,2
25,0.529390118,3,Happy,Female,WC,Young,faces,1Happy_Model3_1Female_1WC_1Young.mp4,1,2
86,0.529887367,2,Pain,Female,WC,Old,faces,7Pain_Model2_1Female_1WC_2Old.mp4,1,1
58,0.533670213,3,Fear,Male,EA,Old,faces,3Fear_Model3_2Male_2EA_2Old.mp4,1,1
92,0.54120802,3,Surprise,Male,WC,Old,faces,2Surprise_Model3_2Male_1WC_2Old.mp4,1,3
28,0.55870163,2,Sad,Female,EA,Old,faces,6Sad_Model2_1Female_2EA_2Old.mp4,1,1
21,0.569587559,1,Sad,Male,EA,Young,faces,6Sad_Model1_2Male_2EA_1Young.mp4,1,5
3,0.572790309,3,Pain,Female,EA,Young,faces,7Pain_Model3_1Female_2EA_1Young.mp4,1,1
24,0.598558074,5,Surprise,Male,African,Old,faces,2Surprise_Model5_2Male_3African_2Old.mp4,1,2
46,0.619209677,3,Sad,Male,EA,Old,faces,6Sad_Model3_2Male_2EA_2Old.mp4,1,2
90,0.621689119,3,Surprise,Female,African,Old,faces,2Surprise_Model3_1Female_3African_2Old.mp4,1,2
22,0.628464357,5,Surprise,Male,EA,Old,faces,2Surprise_Model5_2Male_2EA_2Old.mp4,1,1
55,0.629562079,2,Pleasure,Male,WC,Young,faces,8Pleasure_Model2_2Male_1WC_1Young.mp4,1,2
27,0.639415491,3,Happy,Female,EA,Young,faces,1Happy_Model3_1Female_2EA_1Young.mp4,1,1
75,0.649588224,2,Surprise,Female,EA,Young,faces,2Surprise_Model2_1Female_2EA_1Young.mp4,1,2
93,0.652587768,1,Disgust,Male,EA,Young,faces,4Disgust_Model1_2Male_2EA_1Young.mp4,1,2
61,0.662131577,1,Surprise,Female,WC,Young,faces,2Surprise_Model1_1Female_1WC_1Young.mp4,1,1
52,0.682655909,3,Fear,Female,EA,Old,faces,3Fear_Model3_1Female_2EA_2Old.mp4,1,3
7,0.684701053,3,Pain,Male,WC,Young,faces,7Pain_Model3_2Male_1WC_1Young.mp4,1,2
94,0.689470753,2,Pain,Male,EA,Old,faces,7Pain_Model2_2Male_2EA_2Old.mp4,1,2
38,0.691553938,3,Sad,Female,WC,Old,faces,6Sad_Model3_1Female_1WC_2Old.mp4,1,1
74,0.696441773,4,Pleasure,Female,WC,Old,faces,8Pleasure_Model4_1Female_1WC_2Old.mp4,1,1
29,0.703039906,1,Fear,Female,African,Young,faces,3Fear_Model1_1Female_3African_1Young.mp4,1,2
79,0.73102988,3,Anger,Male,WC,Young,faces,5Anger_Model3_2Male_1WC_1Young.mp4,1,2
48,0.731399402,3,Sad,Male,African,Old,faces,6Sad_Model3_2Male_3African_2Old.mp4,1,2
38,0.740425048,2,Fear,Female,WC,Old,faces,3Fear_Model2_1Female_1WC_2Old.mp4,1,1
1,0.746139877,3,Pain,Female,WC,Young,faces,7Pain_Model3_1Female_1WC_1Young.mp4,1,3
33,0.754435942,3,Happy,Male,EA,Young,faces,1Happy_Model3_2Male_2EA_1Young.mp4,1,2
62,0.795965851,1,Surprise,Female,WC,Old,faces,2Surprise_Model1_1Female_1WC_2Old.mp4,1,3
28,0.814609727,5,Pain,Female,EA,Old,faces,7Pain_Model5_1Female_2EA_2Old.mp4,1,2
52,0.820732766,2,Pleasure,Female,EA,Old,faces,8Pleasure_Model2_1Female_2EA_2Old.mp4,1,2
77,0.859309719,4,Pleasure,Female,African,Young,faces,8Pleasure_Model4_1Female_3African_1Young.mp4,1,3
83,0.859856384,3,Anger,Male,African,Young,faces,5Anger_Model3_2Male_3African_1Young.mp4,1,1
77,0.885914179,3,Anger,Female,African,Young,faces,5Anger_Model3_1Female_3African_1Young.mp4,1,1
63,0.892942006,2,Anger,Female,EA,Young,faces,5Anger_Model2_1Female_2EA_1Young.mp4,1,3
96,0.89917459,5,Pleasure,Male,African,Old,faces,8Pleasure_Model5_2Male_3African_2Old.mp4,1,2
14,0.907208872,3,Disgust,Female,WC,Old,faces,4Disgust_Model3_1Female_1WC_2Old.mp4,1,2
73,0.911841783,3,Anger,Female,WC,Young,faces,5Anger_Model3_1Female_1WC_1Young.mp4,1,4
12,0.930470109,3,Pain,Male,African,Old,faces,7Pain_Model3_2Male_3African_2Old.mp4,1,1
44,0.932461386,4,Happy,Male,WC,Old,faces,1Happy_Model4_2Male_1WC_2Old.mp4,1,3
46,0.945353858,1,Pleasure,Male,EA,Old,faces,8Pleasure_Model1_2Male_2EA_2Old.mp4,1,2
75,0.957016035,4,Pleasure,Female,EA,Young,faces,8Pleasure_Model4_1Female_2EA_1Young.mp4,1,3
60,0.969634696,1,Anger,Male,African,Old,faces,5Anger_Model1_2Male_3African_2Old.mp4,1,2
18,0.970565747,2,Happy,Female,African,Old,faces,1Happy_Model2_1Female_3African_2Old.mp4,1,1
28,0.992528688,4,Disgust,Female,EA,Old,faces,4Disgust_Model4_1Female_2EA_2Old.mp4,1,1
6,0.009097035,4,Surprise,Female,African,Old,faces,2Surprise_Model4_1Female_3African_2Old.mp4,2,2
33,0.019925508,4,Disgust,Male,EA,Young,faces,4Disgust_Model4_2Male_2EA_1Young.mp4,2,1
49,0.030127699,4,Sad,Female,WC,Young,faces,6Sad_Model4_1Female_1WC_1Young.mp4,2,1
94,0.04014068,5,Pleasure,Male,EA,Old,faces,8Pleasure_Model5_2Male_2EA_2Old.mp4,2,2
81,0.041503823,1,Pain,Male,EA,Young,faces,7Pain_Model1_2Male_2EA_1Young.mp4,2,1
41,0.045679328,1,Pleasure,Female,African,Young,faces,8Pleasure_Model1_1Female_3African_1Young.mp4,2,5
15,0.047048384,5,Surprise,Female,EA,Young,faces,2Surprise_Model5_1Female_2EA_1Young.mp4,2,1
42,0.048447493,5,Disgust,Female,African,Old,faces,4Disgust_Model5_1Female_3African_2Old.mp4,2,1
41,0.060421035,2,Fear,Female,African,Young,faces,3Fear_Model2_1Female_3African_1Young.mp4,2,1
88,0.083564502,2,Pain,Female,EA,Old,faces,7Pain_Model2_1Female_2EA_2Old.mp4,2,1
73,0.085326539,5,Fear,Female,WC,Young,faces,3Fear_Model5_1Female_1WC_1Young.mp4,2,3
51,0.092028883,5,Happy,Female,EA,Young,faces,1Happy_Model5_1Female_2EA_1Young.mp4,2,2
30,0.093216612,5,Pain,Female,African,Old,faces,7Pain_Model5_1Female_3African_2Old.mp4,2,3
41,0.096042283,5,Disgust,Female,African,Young,faces,4Disgust_Model5_1Female_3African_1Young.mp4,2,2
80,0.108515212,2,Surprise,Male,WC,Old,faces,2Surprise_Model2_2Male_1WC_2Old.mp4,2,2
18,0.119732436,1,Sad,Female,African,Old,faces,6Sad_Model1_1Female_3African_2Old.mp4,2,2
62,0.120083275,3,Pleasure,Female,WC,Old,faces,8Pleasure_Model3_1Female_1WC_2Old.mp4,2,2
84,0.140357495,2,Surprise,Male,African,Old,faces,2Surprise_Model2_2Male_3African_2Old.mp4,2,2
10,0.160911366,2,Disgust,Male,EA,Old,faces,4Disgust_Model2_2Male_2EA_2Old.mp4,2,4
29,0.169489137,3,Happy,Female,African,Young,faces,1Happy_Model3_1Female_3African_1Young.mp4,2,1
54,0.172587595,3,Fear,Female,African,Old,faces,3Fear_Model3_1Female_3African_2Old.mp4,2,2
56,0.174593852,3,Fear,Male,WC,Old,faces,3Fear_Model3_2Male_1WC_2Old.mp4,2,1
95,0.181446254,1,Disgust,Male,African,Young,faces,4Disgust_Model1_2Male_3African_1Young.mp4,2,2
36,0.186702531,1,Fear,Male,African,Old,faces,3Fear_Model1_2Male_3African_2Old.mp4,2,2
88,0.203315218,3,Surprise,Female,EA,Old,faces,2Surprise_Model3_1Female_2EA_2Old.mp4,2,2
48,0.228880916,5,Disgust,Male,African,Old,faces,4Disgust_Model5_2Male_3African_2Old.mp4,2,1
24,0.239916088,1,Sad,Male,African,Old,faces,6Sad_Model1_2Male_3African_2Old.mp4,2,1
40,0.257872256,5,Disgust,Female,EA,Old,faces,4Disgust_Model5_1Female_2EA_2Old.mp4,2,1
71,0.292941231,3,Pleasure,Male,African,Young,faces,8Pleasure_Model3_2Male_3African_1Young.mp4,2,2
8,0.326492729,2,Disgust,Male,WC,Old,faces,4Disgust_Model2_2Male_1WC_2Old.mp4,2,2
34,0.358202306,3,Happy,Male,EA,Old,faces,1Happy_Model3_2Male_2EA_2Old.mp4,2,2
70,0.359563952,4,Fear,Male,EA,Old,faces,3Fear_Model4_2Male_2EA_2Old.mp4,2,1
32,0.372322044,3,Happy,Male,WC,Old,faces,1Happy_Model3_2Male_1WC_2Old.mp4,2,1
14,0.420026773,2,Happy,Female,WC,Old,faces,1Happy_Model2_1Female_1WC_2Old.mp4,2,2
11,0.42368906,1,Happy,Male,African,Young,faces,1Happy_Model1_2Male_3African_1Young.mp4,2,1
23,0.431271078,5,Surprise,Male,African,Young,faces,2Surprise_Model5_2Male_3African_1Young.mp4,2,1
19,0.43256615,3,Disgust,Male,WC,Young,faces,4Disgust_Model3_2Male_1WC_1Young.mp4,2,3
41,0.436388726,3,Sad,Female,African,Young,faces,6Sad_Model3_1Female_3African_1Young.mp4,2,3
40,0.437449357,1,Pleasure,Female,EA,Old,faces,8Pleasure_Model1_1Female_2EA_2Old.mp4,2,4
86,0.456761502,1,Disgust,Female,WC,Old,faces,4Disgust_Model1_1Female_1WC_2Old.mp4,2,2
11,0.457973312,5,Anger,Male,African,Young,faces,5Anger_Model5_2Male_3African_1Young.mp4,2,2
84,0.476082143,1,Pain,Male,African,Old,faces,7Pain_Model1_2Male_3African_2Old.mp4,2,1
27,0.476736491,4,Disgust,Female,EA,Young,faces,4Disgust_Model4_1Female_2EA_1Young.mp4,2,2
30,0.49171207,3,Happy,Female,African,Old,faces,1Happy_Model3_1Female_3African_2Old.mp4,2,1
4,0.502132292,5,Anger,Female,EA,Old,faces,5Anger_Model5_1Female_2EA_2Old.mp4,2,3
32,0.516748111,2,Sad,Male,WC,Old,faces,6Sad_Model2_2Male_1WC_2Old.mp4,2,3
69,0.520466465,2,Anger,Male,EA,Young,faces,5Anger_Model2_2Male_2EA_1Young.mp4,2,2
64,0.524009473,4,Fear,Female,EA,Old,faces,3Fear_Model4_1Female_2EA_2Old.mp4,2,2
69,0.545283709,4,Fear,Male,EA,Young,faces,3Fear_Model4_2Male_2EA_1Young.mp4,2,2
27,0.55582146,2,Sad,Female,EA,Young,faces,6Sad_Model2_1Female_2EA_1Young.mp4,2,2
10,0.56230002,4,Surprise,Male,EA,Old,faces,2Surprise_Model4_2Male_2EA_2Old.mp4,2,2
10,0.582527001,3,Pain,Male,EA,Old,faces,7Pain_Model3_2Male_2EA_2Old.mp4,2,2
67,0.583071353,4,Fear,Male,WC,Young,faces,3Fear_Model4_2Male_1WC_1Young.mp4,2,2
84,0.595038964,3,Anger,Male,African,Old,faces,5Anger_Model3_2Male_3African_2Old.mp4,2,1
90,0.602241488,5,Pleasure,Female,African,Old,faces,8Pleasure_Model5_1Female_3African_2Old.mp4,2,1
9,0.612398269,1,Happy,Male,EA,Young,faces,1Happy_Model1_2Male_2EA_1Young.mp4,2,3
14,0.622802234,4,Pain,Female,WC,Old,faces,7Pain_Model4_1Female_1WC_2Old.mp4,2,1
92,0.642699999,4,Anger,Male,WC,Old,faces,5Anger_Model4_2Male_1WC_2Old.mp4,2,5
53,0.647623134,1,Anger,Female,African,Young,faces,5Anger_Model1_1Female_3African_1Young.mp4,2,1
1,0.647744947,2,Disgust,Female,WC,Young,faces,4Disgust_Model2_1Female_1WC_1Young.mp4,2,2
27,0.658823972,1,Fear,Female,EA,Young,faces,3Fear_Model1_1Female_2EA_1Young.mp4,2,2
74,0.66232515,5,Fear,Female,WC,Old,faces,3Fear_Model5_1Female_1WC_2Old.mp4,2,2
49,0.67382283,5,Happy,Female,WC,Young,faces,1Happy_Model5_1Female_1WC_1Young.mp4,2,1
19,0.68090722,4,Pain,Male,WC,Young,faces,7Pain_Model4_2Male_1WC_1Young.mp4,2,2
85,0.701587244,4,Anger,Female,WC,Young,faces,5Anger_Model4_1Female_1WC_1Young.mp4,2,1
92,0.718314742,2,Pain,Male,WC,Old,faces,7Pain_Model2_2Male_1WC_2Old.mp4,2,2
55,0.730450723,5,Happy,Male,WC,Young,faces,1Happy_Model5_2Male_1WC_1Young.mp4,2,2
17,0.730576001,4,Pain,Female,African,Young,faces,7Pain_Model4_1Female_3African_1Young.mp4,2,1
45,0.748060249,3,Sad,Male,EA,Young,faces,6Sad_Model3_2Male_2EA_1Young.mp4,2,3
39,0.751137966,1,Pleasure,Female,EA,Young,faces,8Pleasure_Model1_1Female_2EA_1Young.mp4,2,2
59,0.756754021,4,Sad,Male,African,Young,faces,6Sad_Model4_2Male_3African_1Young.mp4,2,2
11,0.787046348,3,Pain,Male,African,Young,faces,7Pain_Model3_2Male_3African_1Young.mp4,2,1
87,0.80132289,2,Pain,Female,EA,Young,faces,7Pain_Model2_1Female_2EA_1Young.mp4,2,1
28,0.802507272,3,Happy,Female,EA,Old,faces,1Happy_Model3_1Female_2EA_2Old.mp4,2,2
57,0.815552689,2,Pleasure,Male,EA,Young,faces,8Pleasure_Model2_2Male_2EA_1Young.mp4,2,2
60,0.84462356,5,Happy,Male,African,Old,faces,1Happy_Model5_2Male_3African_2Old.mp4,2,2
26,0.846666032,2,Sad,Female,WC,Old,faces,6Sad_Model2_1Female_1WC_2Old.mp4,2,1
70,0.848327234,2,Anger,Male,EA,Old,faces,5Anger_Model2_2Male_2EA_2Old.mp4,2,3
22,0.848660096,1,Sad,Male,EA,Old,faces,6Sad_Model1_2Male_2EA_2Old.mp4,2,2
73,0.851570279,1,Pain,Female,WC,Young,faces,7Pain_Model1_1Female_1WC_1Young.mp4,2,3
9,0.853411018,4,Surprise,Male,EA,Young,faces,2Surprise_Model4_2Male_2EA_1Young.mp4,2,2
68,0.853552799,3,Pleasure,Male,WC,Old,faces,8Pleasure_Model3_2Male_1WC_2Old.mp4,2,2
85,0.858397966,5,Pleasure,Female,WC,Young,faces,8Pleasure_Model5_1Female_1WC_1Young.mp4,2,3
17,0.860490325,5,Surprise,Female,African,Young,faces,2Surprise_Model5_1Female_3African_1Young.mp4,2,1
31,0.863138576,2,Sad,Male,WC,Young,faces,6Sad_Model2_2Male_1WC_1Young.mp4,2,1
86,0.866013937,4,Anger,Female,WC,Old,faces,5Anger_Model4_1Female_1WC_2Old.mp4,2,3
19,0.866526517,5,Surprise,Male,WC,Young,faces,2Surprise_Model5_2Male_1WC_1Young.mp4,2,2
83,0.868721745,5,Fear,Male,African,Young,faces,3Fear_Model5_2Male_3African_1Young.mp4,2,2
3,0.902456437,5,Anger,Female,EA,Young,faces,5Anger_Model5_1Female_2EA_1Young.mp4,2,4
79,0.9061918,4,Pleasure,Male,WC,Young,faces,8Pleasure_Model4_2Male_1WC_1Young.mp4,2,1
85,0.936446072,3,Surprise,Female,WC,Young,faces,2Surprise_Model3_1Female_1WC_1Young.mp4,2,3
72,0.951725435,3,Pleasure,Male,African,Old,faces,8Pleasure_Model3_2Male_3African_2Old.mp4,2,2
66,0.973603005,2,Anger,Female,African,Old,faces,5Anger_Model2_1Female_3African_2Old.mp4,2,3
55,0.978477434,1,Anger,Male,WC,Young,faces,5Anger_Model1_2Male_1WC_1Young.mp4,2,2
40,0.982909434,3,Sad,Female,EA,Old,faces,6Sad_Model3_1Female_2EA_2Old.mp4,2,1
74,0.989696336,2,Surprise,Female,WC,Old,faces,2Surprise_Model2_1Female_1WC_2Old.mp4,2,1
2,2.76E-05,2,Disgust,Female,WC,Old,faces,4Disgust_Model2_1Female_1WC_2Old.mp4,3,2
24,0.001073445,4,Pain,Male,African,Old,faces,7Pain_Model4_2Male_3African_2Old.mp4,3,1
46,0.003675479,2,Fear,Male,EA,Old,faces,3Fear_Model2_2Male_2EA_2Old.mp4,3,1
10,0.005369328,1,Happy,Male,EA,Old,faces,1Happy_Model1_2Male_2EA_2Old.mp4,3,2
52,0.011432586,5,Happy,Female,EA,Old,faces,1Happy_Model5_1Female_2EA_2Old.mp4,3,1
91,0.012671722,4,Anger,Male,WC,Young,faces,5Anger_Model4_2Male_1WC_1Young.mp4,3,5
19,0.017090473,2,Happy,Male,WC,Young,faces,1Happy_Model2_2Male_1WC_1Young.mp4,3,1
20,0.017797256,3,Disgust,Male,WC,Old,faces,4Disgust_Model3_2Male_1WC_2Old.mp4,3,1
67,0.037321909,5,Sad,Male,WC,Young,faces,6Sad_Model5_2Male_1WC_1Young.mp4,3,1
37,0.042257531,1,Pleasure,Female,WC,Young,faces,8Pleasure_Model1_1Female_1WC_1Young.mp4,3,1
20,0.048973345,5,Surprise,Male,WC,Old,faces,2Surprise_Model5_2Male_1WC_2Old.mp4,3,3
13,0.052706361,2,Happy,Female,WC,Young,faces,1Happy_Model2_1Female_1WC_1Young.mp4,3,2
59,0.058798359,5,Happy,Male,African,Young,faces,1Happy_Model5_2Male_3African_1Young.mp4,3,3
54,0.070127216,4,Sad,Female,African,Old,faces,6Sad_Model4_1Female_3African_2Old.mp4,3,2
85,0.07691232,2,Pain,Female,WC,Young,faces,7Pain_Model2_1Female_1WC_1Young.mp4,3,2
8,0.115948702,1,Happy,Male,WC,Old,faces,1Happy_Model1_2Male_1WC_2Old.mp4,3,2
9,0.118281811,3,Pain,Male,EA,Young,faces,7Pain_Model3_2Male_2EA_1Young.mp4,3,2
60,0.136857343,2,Pleasure,Male,African,Old,faces,8Pleasure_Model2_2Male_3African_2Old.mp4,3,2
11,0.13985693,2,Disgust,Male,African,Young,faces,4Disgust_Model2_2Male_3African_1Young.mp4,3,4
42,0.14753876,2,Fear,Female,African,Old,faces,3Fear_Model2_1Female_3African_2Old.mp4,3,1
81,0.154899823,3,Anger,Male,EA,Young,faces,5Anger_Model3_2Male_2EA_1Young.mp4,3,2
39,0.17470945,2,Fear,Female,EA,Young,faces,3Fear_Model2_1Female_2EA_1Young.mp4,3,1
81,0.180738083,2,Surprise,Male,EA,Young,faces,2Surprise_Model2_2Male_2EA_1Young.mp4,3,2
89,0.185391517,5,Pleasure,Female,African,Young,faces,8Pleasure_Model5_1Female_3African_1Young.mp4,3,2
80,0.186434052,1,Pain,Male,WC,Old,faces,7Pain_Model1_2Male_1WC_2Old.mp4,3,2
34,0.192316661,2,Sad,Male,EA,Old,faces,6Sad_Model2_2Male_2EA_2Old.mp4,3,1
4,0.22214391,4,Surprise,Female,EA,Old,faces,2Surprise_Model4_1Female_2EA_2Old.mp4,3,1
36,0.231859259,3,Happy,Male,African,Old,faces,1Happy_Model3_2Male_3African_2Old.mp4,3,1
5,0.232189803,4,Surprise,Female,African,Young,faces,2Surprise_Model4_1Female_3African_1Young.mp4,3,2
82,0.234121368,1,Pain,Male,EA,Old,faces,7Pain_Model1_2Male_2EA_2Old.mp4,3,2
65,0.27557338,5,Sad,Female,African,Young,faces,6Sad_Model5_1Female_3African_1Young.mp4,3,2
61,0.283541903,5,Sad,Female,WC,Young,faces,6Sad_Model5_1Female_1WC_1Young.mp4,3,1
91,0.291251691,3,Surprise,Male,WC,Young,faces,2Surprise_Model3_2Male_1WC_1Young.mp4,3,1
50,0.292699374,3,Fear,Female,WC,Old,faces,3Fear_Model3_1Female_1WC_2Old.mp4,3,2
38,0.321816776,1,Pleasure,Female,WC,Old,faces,8Pleasure_Model1_1Female_1WC_2Old.mp4,3,1
41,0.329052165,4,Happy,Female,African,Young,faces,1Happy_Model4_1Female_3African_1Young.mp4,3,1
78,0.337630057,3,Anger,Female,African,Old,faces,5Anger_Model3_1Female_3African_2Old.mp4,3,3
5,0.337630959,3,Pain,Female,African,Young,faces,7Pain_Model3_1Female_3African_1Young.mp4,3,3
34,0.357342883,4,Disgust,Male,EA,Old,faces,4Disgust_Model4_2Male_2EA_2Old.mp4,3,4
33,0.360489761,1,Fear,Male,EA,Young,faces,3Fear_Model1_2Male_2EA_1Young.mp4,3,2
37,0.366812739,2,Fear,Female,WC,Young,faces,3Fear_Model2_1Female_1WC_1Young.mp4,3,2
39,0.367593183,4,Happy,Female,EA,Young,faces,1Happy_Model4_1Female_2EA_1Young.mp4,3,1
91,0.392884221,5,Pleasure,Male,WC,Young,faces,8Pleasure_Model5_2Male_1WC_1Young.mp4,3,2
6,0.409972567,3,Pain,Female,African,Old,faces,7Pain_Model3_1Female_3African_2Old.mp4,3,1
23,0.413968334,4,Pain,Male,African,Young,faces,7Pain_Model4_2Male_3African_1Young.mp4,3,3
16,0.418063804,3,Disgust,Female,EA,Old,faces,4Disgust_Model3_1Female_2EA_2Old.mp4,3,3
73,0.420277266,2,Surprise,Female,WC,Young,faces,2Surprise_Model2_1Female_1WC_1Young.mp4,3,2
1,0.42044099,5,Anger,Female,WC,Young,faces,5Anger_Model5_1Female_1WC_1Young.mp4,3,2
79,0.438133666,5,Fear,Male,WC,Young,faces,3Fear_Model5_2Male_1WC_1Young.mp4,3,2
64,0.441122082,3,Pleasure,Female,EA,Old,faces,8Pleasure_Model3_1Female_2EA_2Old.mp4,3,2
50,0.448611517,5,Happy,Female,WC,Old,faces,1Happy_Model5_1Female_1WC_2Old.mp4,3,2
18,0.448996048,3,Disgust,Female,African,Old,faces,4Disgust_Model3_1Female_3African_2Old.mp4,3,2
57,0.464863088,4,Sad,Male,EA,Young,faces,6Sad_Model4_2Male_2EA_1Young.mp4,3,2
70,0.49489593,1,Surprise,Male,EA,Old,faces,2Surprise_Model1_2Male_2EA_2Old.mp4,3,1
50,0.503615011,1,Anger,Female,WC,Old,faces,5Anger_Model1_1Female_1WC_2Old.mp4,3,1
59,0.542513561,2,Pleasure,Male,African,Young,faces,8Pleasure_Model2_2Male_3African_1Young.mp4,3,3
77,0.544452646,5,Fear,Female,African,Young,faces,3Fear_Model5_1Female_3African_1Young.mp4,3,1
39,0.549703893,3,Sad,Female,EA,Young,faces,6Sad_Model3_1Female_2EA_1Young.mp4,3,5
65,0.554606442,2,Anger,Female,African,Young,faces,5Anger_Model2_1Female_3African_1Young.mp4,3,1
29,0.561150071,4,Disgust,Female,African,Young,faces,4Disgust_Model4_1Female_3African_1Young.mp4,3,2
12,0.592205187,5,Anger,Male,African,Old,faces,5Anger_Model5_2Male_3African_2Old.mp4,3,2
42,0.598011765,4,Happy,Female,African,Old,faces,1Happy_Model4_1Female_3African_2Old.mp4,3,2
35,0.601998508,1,Fear,Male,African,Young,faces,3Fear_Model1_2Male_3African_1Young.mp4,3,1
56,0.603444846,2,Pleasure,Male,WC,Old,faces,8Pleasure_Model2_2Male_1WC_2Old.mp4,3,2
80,0.605220991,3,Anger,Male,WC,Old,faces,5Anger_Model3_2Male_1WC_2Old.mp4,3,1
81,0.608676775,4,Pleasure,Male,EA,Young,faces,8Pleasure_Model4_2Male_2EA_1Young.mp4,3,2
78,0.609311266,4,Pleasure,Female,African,Old,faces,8Pleasure_Model4_1Female_3African_2Old.mp4,3,2
20,0.615828672,1,Sad,Male,WC,Old,faces,6Sad_Model1_2Male_1WC_2Old.mp4,3,1
82,0.630106094,3,Anger,Male,EA,Old,faces,5Anger_Model3_2Male_2EA_2Old.mp4,3,3
7,0.631024056,2,Disgust,Male,WC,Young,faces,4Disgust_Model2_2Male_1WC_1Young.mp4,3,2
51,0.637811254,2,Pleasure,Female,EA,Young,faces,8Pleasure_Model2_1Female_2EA_1Young.mp4,3,2
86,0.638060049,3,Surprise,Female,WC,Old,faces,2Surprise_Model3_1Female_1WC_2Old.mp4,3,1
21,0.649352147,2,Happy,Male,EA,Young,faces,1Happy_Model2_2Male_2EA_1Young.mp4,3,1
40,0.67128999,2,Fear,Female,EA,Old,faces,3Fear_Model2_1Female_2EA_2Old.mp4,3,2
15,0.698460764,4,Pain,Female,EA,Young,faces,7Pain_Model4_1Female_2EA_1Young.mp4,3,2
36,0.700002327,2,Sad,Male,African,Old,faces,6Sad_Model2_2Male_3African_2Old.mp4,3,2
37,0.701279708,5,Disgust,Female,WC,Young,faces,4Disgust_Model5_1Female_1WC_1Young.mp4,3,1
4,0.705299912,3,Pain,Female,EA,Old,faces,7Pain_Model3_1Female_2EA_2Old.mp4,3,3
59,0.713581526,1,Anger,Male,African,Young,faces,5Anger_Model1_2Male_3African_1Young.mp4,3,2
11,0.737379264,4,Surprise,Male,African,Young,faces,2Surprise_Model4_2Male_3African_1Young.mp4,3,3
32,0.761475273,1,Fear,Male,WC,Old,faces,3Fear_Model1_2Male_1WC_2Old.mp4,3,2
51,0.796238812,1,Anger,Female,EA,Young,faces,5Anger_Model1_1Female_2EA_1Young.mp4,3,2
96,0.797531402,3,Surprise,Male,African,Old,faces,2Surprise_Model3_2Male_3African_2Old.mp4,3,3
82,0.83506808,4,Pleasure,Male,EA,Old,faces,8Pleasure_Model4_2Male_2EA_2Old.mp4,3,1
26,0.843183806,5,Pain,Female,WC,Old,faces,7Pain_Model5_1Female_1WC_2Old.mp4,3,1
76,0.845678131,3,Anger,Female,EA,Old,faces,5Anger_Model3_1Female_2EA_2Old.mp4,3,3
31,0.874654108,5,Pain,Male,WC,Young,faces,7Pain_Model5_2Male_1WC_1Young.mp4,3,2
39,0.903451589,5,Disgust,Female,EA,Young,faces,4Disgust_Model5_1Female_2EA_1Young.mp4,3,2
96,0.90889792,1,Disgust,Male,African,Old,faces,4Disgust_Model1_2Male_3African_2Old.mp4,3,4
72,0.919274833,4,Fear,Male,African,Old,faces,3Fear_Model4_2Male_3African_2Old.mp4,3,1
35,0.943484051,2,Sad,Male,African,Young,faces,6Sad_Model2_2Male_3African_1Young.mp4,3,3
16,0.968208436,1,Sad,Female,EA,Old,faces,6Sad_Model1_1Female_2EA_2Old.mp4,3,2
87,0.969742105,3,Surprise,Female,EA,Young,faces,2Surprise_Model3_1Female_2EA_1Young.mp4,3,3
14,0.980491617,1,Sad,Female,WC,Old,faces,6Sad_Model1_1Female_1WC_2Old.mp4,3,2
66,0.986130489,1,Surprise,Female,African,Old,faces,2Surprise_Model1_1Female_3African_2Old.mp4,3,1
9,0.998925225,2,Disgust,Male,EA,Young,faces,4Disgust_Model2_2Male_2EA_1Young.mp4,3,1
88,0.021760131,5,Pleasure,Female,EA,Old,faces,8Pleasure_Model5_1Female_2EA_2Old.mp4,4,2
67,0.022987538,2,Anger,Male,WC,Young,faces,5Anger_Model2_2Male_1WC_1Young.mp4,4,1
19,0.052167664,1,Sad,Male,WC,Young,faces,6Sad_Model1_2Male_1WC_1Young.mp4,4,1
17,0.072571598,3,Disgust,Female,African,Young,faces,4Disgust_Model3_1Female_3African_1Young.mp4,4,2
65,0.096071279,4,Fear,Female,African,Young,faces,3Fear_Model4_1Female_3African_1Young.mp4,4,1
8,0.097137985,4,Surprise,Male,WC,Old,faces,2Surprise_Model4_2Male_1WC_2Old.mp4,4,5
6,0.099741764,5,Anger,Female,African,Old,faces,5Anger_Model5_1Female_3African_2Old.mp4,4,1
29,0.104027471,2,Sad,Female,African,Young,faces,6Sad_Model2_1Female_3African_1Young.mp4,4,1
29,0.120207167,5,Pain,Female,African,Young,faces,7Pain_Model5_1Female_3African_1Young.mp4,4,1
69,0.143068424,3,Pleasure,Male,EA,Young,faces,8Pleasure_Model3_2Male_2EA_1Young.mp4,4,1
69,0.161201146,1,Surprise,Male,EA,Young,faces,2Surprise_Model1_2Male_2EA_1Young.mp4,4,3
48,0.163370454,1,Pleasure,Male,African,Old,faces,8Pleasure_Model1_2Male_3African_2Old.mp4,4,2
49,0.172924505,3,Fear,Female,WC,Young,faces,3Fear_Model3_1Female_1WC_1Young.mp4,4,3
6,0.178015174,1,Happy,Female,African,Old,faces,1Happy_Model1_1Female_3African_2Old.mp4,4,2
35,0.185856173,4,Disgust,Male,African,Young,faces,4Disgust_Model4_2Male_3African_1Young.mp4,4,2
47,0.200152841,2,Fear,Male,African,Young,faces,3Fear_Model2_2Male_3African_1Young.mp4,4,2
55,0.219808488,3,Fear,Male,WC,Young,faces,3Fear_Model3_2Male_1WC_1Young.mp4,4,2
42,0.229467392,1,Pleasure,Female,African,Old,faces,8Pleasure_Model1_1Female_3African_2Old.mp4,4,2
78,0.234044127,1,Pain,Female,African,Old,faces,7Pain_Model1_1Female_3African_2Old.mp4,4,4
88,0.249675867,1,Disgust,Female,EA,Old,faces,4Disgust_Model1_1Female_2EA_2Old.mp4,4,1
38,0.253881283,4,Happy,Female,WC,Old,faces,1Happy_Model4_1Female_1WC_2Old.mp4,4,2
52,0.28292988,4,Sad,Female,EA,Old,faces,6Sad_Model4_1Female_2EA_2Old.mp4,4,1
3,0.283526364,1,Happy,Female,EA,Young,faces,1Happy_Model1_1Female_2EA_1Young.mp4,4,2
57,0.2889606,3,Fear,Male,EA,Young,faces,3Fear_Model3_2Male_2EA_1Young.mp4,4,2
96,0.297558332,4,Anger,Male,African,Old,faces,5Anger_Model4_2Male_3African_2Old.mp4,4,2
12,0.308988082,1,Happy,Male,African,Old,faces,1Happy_Model1_2Male_3African_2Old.mp4,4,1
63,0.312108151,3,Pleasure,Female,EA,Young,faces,8Pleasure_Model3_1Female_2EA_1Young.mp4,4,1
86,0.32658474,5,Pleasure,Female,WC,Old,faces,8Pleasure_Model5_1Female_1WC_2Old.mp4,4,1
26,0.326913856,4,Disgust,Female,WC,Old,faces,4Disgust_Model4_1Female_1WC_2Old.mp4,4,2
75,0.344516092,3,Anger,Female,EA,Young,faces,5Anger_Model3_1Female_2EA_1Young.mp4,4,2
47,0.350545969,3,Sad,Male,African,Young,faces,6Sad_Model3_2Male_3African_1Young.mp4,4,2
91,0.371150916,2,Pain,Male,WC,Young,faces,7Pain_Model2_2Male_1WC_1Young.mp4,4,1
58,0.372046509,2,Pleasure,Male,EA,Old,faces,8Pleasure_Model2_2Male_2EA_2Old.mp4,4,1
84,0.373348353,5,Fear,Male,African,Old,faces,3Fear_Model5_2Male_3African_2Old.mp4,4,2
1,0.374235786,4,Surprise,Female,WC,Young,faces,2Surprise_Model4_1Female_1WC_1Young.mp4,4,1
77,0.376199718,2,Surprise,Female,African,Young,faces,2Surprise_Model2_1Female_3African_1Young.mp4,4,1
92,0.380960114,5,Pleasure,Male,WC,Old,faces,8Pleasure_Model5_2Male_1WC_2Old.mp4,4,3
27,0.386118931,5,Pain,Female,EA,Young,faces,7Pain_Model5_1Female_2EA_1Young.mp4,4,3
94,0.410319755,1,Disgust,Male,EA,Old,faces,4Disgust_Model1_2Male_2EA_2Old.mp4,4,4
70,0.42782084,5,Sad,Male,EA,Old,faces,6Sad_Model5_2Male_2EA_2Old.mp4,4,2
40,0.429241445,4,Happy,Female,EA,Old,faces,1Happy_Model4_1Female_2EA_2Old.mp4,4,2
9,0.431296561,5,Anger,Male,EA,Young,faces,5Anger_Model5_2Male_2EA_1Young.mp4,4,1
80,0.45172663,5,Fear,Male,WC,Old,faces,3Fear_Model5_2Male_1WC_2Old.mp4,4,2
65,0.458138713,3,Pleasure,Female,African,Young,faces,8Pleasure_Model3_1Female_3African_1Young.mp4,4,1
43,0.475875916,5,Disgust,Male,WC,Young,faces,4Disgust_Model5_2Male_1WC_1Young.mp4,4,3
63,0.477528179,4,Fear,Female,EA,Young,faces,3Fear_Model4_1Female_2EA_1Young.mp4,4,3
22,0.480640347,2,Happy,Male,EA,Old,faces,1Happy_Model2_2Male_2EA_2Old.mp4,4,2
62,0.493504152,4,Fear,Female,WC,Old,faces,3Fear_Model4_1Female_1WC_2Old.mp4,4,2
5,0.500882634,5,Anger,Female,African,Young,faces,5Anger_Model5_1Female_3African_1Young.mp4,4,2
76,0.513339618,2,Surprise,Female,EA,Old,faces,2Surprise_Model2_1Female_2EA_2Old.mp4,4,2
82,0.517917872,2,Surprise,Male,EA,Old,faces,2Surprise_Model2_2Male_2EA_2Old.mp4,4,2
95,0.5437311,2,Pain,Male,African,Young,faces,7Pain_Model2_2Male_3African_1Young.mp4,4,2
22,0.552165297,4,Pain,Male,EA,Old,faces,7Pain_Model4_2Male_2EA_2Old.mp4,4,2
20,0.565217646,2,Happy,Male,WC,Old,faces,1Happy_Model2_2Male_1WC_2Old.mp4,4,1
44,0.567622696,3,Sad,Male,WC,Old,faces,6Sad_Model3_2Male_1WC_2Old.mp4,4,1
2,0.570406965,5,Anger,Female,WC,Old,faces,5Anger_Model5_1Female_1WC_2Old.mp4,4,3
13,0.570950341,4,Pain,Female,WC,Young,faces,7Pain_Model4_1Female_1WC_1Young.mp4,4,1
60,0.580374558,4,Sad,Male,African,Old,faces,6Sad_Model4_2Male_3African_2Old.mp4,4,5
69,0.591021428,5,Sad,Male,EA,Young,faces,6Sad_Model5_2Male_2EA_1Young.mp4,4,1
72,0.599974727,1,Surprise,Male,African,Old,faces,2Surprise_Model1_2Male_3African_2Old.mp4,4,2
95,0.602981124,4,Anger,Male,African,Young,faces,5Anger_Model4_2Male_3African_1Young.mp4,4,2
47,0.60557911,1,Pleasure,Male,African,Young,faces,8Pleasure_Model1_2Male_3African_1Young.mp4,4,2
50,0.617378507,4,Sad,Female,WC,Old,faces,6Sad_Model4_1Female_1WC_2Old.mp4,4,1
28,0.628527402,1,Fear,Female,EA,Old,faces,3Fear_Model1_1Female_2EA_2Old.mp4,4,2
21,0.629509989,3,Disgust,Male,EA,Young,faces,4Disgust_Model3_2Male_2EA_1Young.mp4,4,1
30,0.634795347,1,Fear,Female,African,Old,faces,3Fear_Model1_1Female_3African_2Old.mp4,4,2
20,0.641504205,4,Pain,Male,WC,Old,faces,7Pain_Model4_2Male_1WC_2Old.mp4,4,2
73,0.645023386,4,Pleasure,Female,WC,Young,faces,8Pleasure_Model4_1Female_1WC_1Young.mp4,4,1
5,0.670665688,1,Happy,Female,African,Young,faces,1Happy_Model1_1Female_3African_1Young.mp4,4,3
61,0.682214232,2,Anger,Female,WC,Young,faces,5Anger_Model2_1Female_1WC_1Young.mp4,4,2
74,0.689631095,1,Pain,Female,WC,Old,faces,7Pain_Model1_1Female_1WC_2Old.mp4,4,2
14,0.734206233,5,Surprise,Female,WC,Old,faces,2Surprise_Model5_1Female_1WC_2Old.mp4,4,1
96,0.753801791,2,Pain,Male,African,Old,faces,7Pain_Model2_2Male_3African_2Old.mp4,4,1
35,0.755555621,3,Happy,Male,African,Young,faces,1Happy_Model3_2Male_3African_1Young.mp4,4,2
45,0.772056057,4,Happy,Male,EA,Young,faces,1Happy_Model4_2Male_2EA_1Young.mp4,4,2
85,0.793593442,1,Disgust,Female,WC,Young,faces,4Disgust_Model1_1Female_1WC_1Young.mp4,4,2
21,0.802236377,4,Pain,Male,EA,Young,faces,7Pain_Model4_2Male_2EA_1Young.mp4,4,1
78,0.81268051,2,Surprise,Female,African,Old,faces,2Surprise_Model2_1Female_3African_2Old.mp4,4,3
43,0.823045042,1,Pleasure,Male,WC,Young,faces,8Pleasure_Model1_2Male_1WC_1Young.mp4,4,2
42,0.833605554,3,Sad,Female,African,Old,faces,6Sad_Model3_1Female_3African_2Old.mp4,4,3
37,0.87105188,4,Happy,Female,WC,Young,faces,1Happy_Model4_1Female_1WC_1Young.mp4,4,2
25,0.876450218,2,Sad,Female,WC,Young,faces,6Sad_Model2_1Female_1WC_1Young.mp4,4,2
67,0.878271617,1,Surprise,Male,WC,Young,faces,2Surprise_Model1_2Male_1WC_1Young.mp4,4,3
31,0.890295218,3,Happy,Male,WC,Young,faces,1Happy_Model3_2Male_1WC_1Young.mp4,4,1
88,0.89210172,4,Anger,Female,EA,Old,faces,5Anger_Model4_1Female_2EA_2Old.mp4,4,1
3,0.912722825,4,Surprise,Female,EA,Young,faces,2Surprise_Model4_1Female_2EA_1Young.mp4,4,3
76,0.925359656,1,Pain,Female,EA,Old,faces,7Pain_Model1_1Female_2EA_2Old.mp4,4,2
82,0.925638338,5,Fear,Male,EA,Old,faces,3Fear_Model5_2Male_2EA_2Old.mp4,4,2
6,0.936295043,2,Disgust,Female,African,Old,faces,4Disgust_Model2_1Female_3African_2Old.mp4,4,4
10,0.948979924,5,Anger,Male,EA,Old,faces,5Anger_Model5_2Male_2EA_2Old.mp4,4,1
68,0.948993419,2,Anger,Male,WC,Old,faces,5Anger_Model2_2Male_1WC_2Old.mp4,4,3
24,0.961140052,3,Disgust,Male,African,Old,faces,4Disgust_Model3_2Male_3African_2Old.mp4,4,2
87,0.975280423,1,Disgust,Female,EA,Young,faces,4Disgust_Model1_1Female_2EA_1Young.mp4,4,3
44,0.975853401,5,Disgust,Male,WC,Old,faces,4Disgust_Model5_2Male_1WC_2Old.mp4,4,2
15,0.981017629,1,Sad,Female,EA,Young,faces,6Sad_Model1_1Female_2EA_1Young.mp4,4,1
71,0.981403154,1,Surprise,Male,African,Young,faces,2Surprise_Model1_2Male_3African_1Young.mp4,4,1
63,0.014040005,1,Surprise,Female,EA,Young,faces,2Surprise_Model1_1Female_2EA_1Young.mp4,5,2
25,0.044321714,5,Pain,Female,WC,Young,faces,7Pain_Model5_1Female_1WC_1Young.mp4,5,1
5,0.045455612,2,Disgust,Female,African,Young,faces,4Disgust_Model2_1Female_3African_1Young.mp4,5,1
72,0.053305458,5,Sad,Male,African,Old,faces,6Sad_Model5_2Male_3African_2Old.mp4,5,2
15,0.054246582,2,Happy,Female,EA,Young,faces,1Happy_Model2_1Female_2EA_1Young.mp4,5,1
31,0.058423221,4,Disgust,Male,WC,Young,faces,4Disgust_Model4_2Male_1WC_1Young.mp4,5,5
17,0.058925062,2,Happy,Female,African,Young,faces,1Happy_Model2_1Female_3African_1Young.mp4,5,1
64,0.074419278,5,Sad,Female,EA,Old,faces,6Sad_Model5_1Female_2EA_2Old.mp4,5,1
47,0.085142952,5,Disgust,Male,African,Young,faces,4Disgust_Model5_2Male_3African_1Young.mp4,5,1
4,0.134008165,1,Happy,Female,EA,Old,faces,1Happy_Model1_1Female_2EA_2Old.mp4,5,1
67,0.136273388,3,Pleasure,Male,WC,Young,faces,8Pleasure_Model3_2Male_1WC_1Young.mp4,5,3
2,0.136551818,1,Happy,Female,WC,Old,faces,1Happy_Model1_1Female_1WC_2Old.mp4,5,2
13,0.137514936,3,Disgust,Female,WC,Young,faces,4Disgust_Model3_1Female_1WC_1Young.mp4,5,3
45,0.141005078,1,Pleasure,Male,EA,Young,faces,8Pleasure_Model1_2Male_2EA_1Young.mp4,5,2
78,0.152197123,5,Fear,Female,African,Old,faces,3Fear_Model5_1Female_3African_2Old.mp4,5,2
21,0.158282218,5,Surprise,Male,EA,Young,faces,2Surprise_Model5_2Male_2EA_1Young.mp4,5,2
90,0.16472577,2,Pain,Female,African,Old,faces,7Pain_Model2_1Female_3African_2Old.mp4,5,2
13,0.165175073,1,Sad,Female,WC,Young,faces,6Sad_Model1_1Female_1WC_1Young.mp4,5,2
2,0.171162622,4,Surprise,Female,WC,Old,faces,2Surprise_Model4_1Female_1WC_2Old.mp4,5,4
38,0.174234629,5,Disgust,Female,WC,Old,faces,4Disgust_Model5_1Female_1WC_2Old.mp4,5,1
94,0.184294319,4,Anger,Male,EA,Old,faces,5Anger_Model4_2Male_2EA_2Old.mp4,5,2
95,0.186234939,5,Pleasure,Male,African,Young,faces,8Pleasure_Model5_2Male_3African_1Young.mp4,5,1
95,0.21167998,3,Surprise,Male,African,Young,faces,2Surprise_Model3_2Male_3African_1Young.mp4,5,2
58,0.218218871,4,Sad,Male,EA,Old,faces,6Sad_Model4_2Male_2EA_2Old.mp4,5,2
68,0.22829581,4,Fear,Male,WC,Old,faces,3Fear_Model4_2Male_1WC_2Old.mp4,5,2
26,0.243851592,1,Fear,Female,WC,Old,faces,3Fear_Model1_1Female_1WC_2Old.mp4,5,1
53,0.244895072,2,Pleasure,Female,African,Young,faces,8Pleasure_Model2_1Female_3African_1Young.mp4,5,1
52,0.269971754,1,Anger,Female,EA,Old,faces,5Anger_Model1_1Female_2EA_2Old.mp4,5,1
84,0.270793867,4,Pleasure,Male,African,Old,faces,8Pleasure_Model4_2Male_3African_2Old.mp4,5,2
34,0.28341257,1,Fear,Male,EA,Old,faces,3Fear_Model1_2Male_2EA_2Old.mp4,5,2
56,0.294565626,5,Happy,Male,WC,Old,faces,1Happy_Model5_2Male_1WC_2Old.mp4,5,2
76,0.300027143,4,Pleasure,Female,EA,Old,faces,8Pleasure_Model4_1Female_2EA_2Old.mp4,5,1
43,0.313754843,3,Sad,Male,WC,Young,faces,6Sad_Model3_2Male_1WC_1Young.mp4,5,1
47,0.313845328,4,Happy,Male,African,Young,faces,1Happy_Model4_2Male_3African_1Young.mp4,5,2
94,0.314770807,3,Surprise,Male,EA,Old,faces,2Surprise_Model3_2Male_2EA_2Old.mp4,5,1
30,0.327572258,4,Disgust,Female,African,Old,faces,4Disgust_Model4_1Female_3African_2Old.mp4,5,1
31,0.328191729,1,Fear,Male,WC,Young,faces,3Fear_Model1_2Male_1WC_1Young.mp4,5,3
68,0.328781465,1,Surprise,Male,WC,Old,faces,2Surprise_Model1_2Male_1WC_2Old.mp4,5,3
12,0.344604675,4,Surprise,Male,African,Old,faces,2Surprise_Model4_2Male_3African_2Old.mp4,5,4
22,0.349658306,3,Disgust,Male,EA,Old,faces,4Disgust_Model3_2Male_2EA_2Old.mp4,5,2
4,0.361222509,2,Disgust,Female,EA,Old,faces,4Disgust_Model2_1Female_2EA_2Old.mp4,5,2
54,0.366487983,5,Happy,Female,African,Old,faces,1Happy_Model5_1Female_3African_2Old.mp4,5,1
1,0.38643337,1,Happy,Female,WC,Young,faces,1Happy_Model1_1Female_1WC_1Young.mp4,5,2
70,0.388227328,3,Pleasure,Male,EA,Old,faces,8Pleasure_Model3_2Male_2EA_2Old.mp4,5,1
2,0.389494354,3,Pain,Female,WC,Old,faces,7Pain_Model3_1Female_1WC_2Old.mp4,5,3
51,0.39697699,3,Fear,Female,EA,Young,faces,3Fear_Model3_1Female_2EA_1Young.mp4,5,3
72,0.40546216,2,Anger,Male,African,Old,faces,5Anger_Model2_2Male_3African_2Old.mp4,5,2
18,0.41340069,5,Surprise,Female,African,Old,faces,2Surprise_Model5_1Female_3African_2Old.mp4,5,2
7,0.418800611,1,Happy,Male,WC,Young,faces,1Happy_Model1_2Male_1WC_1Young.mp4,5,2
71,0.427136949,2,Anger,Male,African,Young,faces,5Anger_Model2_2Male_3African_1Young.mp4,5,2
57,0.431210109,1,Anger,Male,EA,Young,faces,5Anger_Model1_2Male_2EA_1Young.mp4,5,2
30,0.431679012,2,Sad,Female,African,Old,faces,6Sad_Model2_1Female_3African_2Old.mp4,5,2
75,0.431814934,1,Pain,Female,EA,Young,faces,7Pain_Model1_1Female_2EA_1Young.mp4,5,2
77,0.462263763,1,Pain,Female,African,Young,faces,7Pain_Model1_1Female_3African_1Young.mp4,5,1
54,0.467085776,1,Anger,Female,African,Old,faces,5Anger_Model1_1Female_3African_2Old.mp4,5,1
13,0.487673393,5,Surprise,Female,WC,Young,faces,2Surprise_Model5_1Female_1WC_1Young.mp4,5,3
65,0.510194869,1,Surprise,Female,African,Young,faces,2Surprise_Model1_1Female_3African_1Young.mp4,5,1
48,0.515625321,2,Fear,Male,African,Old,faces,3Fear_Model2_2Male_3African_2Old.mp4,5,5
58,0.530740841,5,Happy,Male,EA,Old,faces,1Happy_Model5_2Male_2EA_2Old.mp4,5,1
49,0.554363744,1,Anger,Female,WC,Young,faces,5Anger_Model1_1Female_1WC_1Young.mp4,5,2
48,0.575614067,4,Happy,Male,African,Old,faces,1Happy_Model4_2Male_3African_2Old.mp4,5,2
87,0.590127619,4,Anger,Female,EA,Young,faces,5Anger_Model4_1Female_2EA_1Young.mp4,5,2
36,0.591800108,5,Pain,Male,African,Old,faces,7Pain_Model5_2Male_3African_2Old.mp4,5,1
7,0.59273178,5,Anger,Male,WC,Young,faces,5Anger_Model5_2Male_1WC_1Young.mp4,5,2
56,0.626506732,4,Sad,Male,WC,Old,faces,6Sad_Model4_2Male_1WC_2Old.mp4,5,1
45,0.629045929,5,Disgust,Male,EA,Young,faces,4Disgust_Model5_2Male_2EA_1Young.mp4,5,2
80,0.652495572,4,Pleasure,Male,WC,Old,faces,8Pleasure_Model4_2Male_1WC_2Old.mp4,5,2
83,0.655820526,1,Pain,Male,African,Young,faces,7Pain_Model1_2Male_3African_1Young.mp4,5,1
12,0.661769185,2,Disgust,Male,African,Old,faces,4Disgust_Model2_2Male_3African_2Old.mp4,5,3
93,0.671002552,2,Pain,Male,EA,Young,faces,7Pain_Model2_2Male_2EA_1Young.mp4,5,2
33,0.671475999,2,Sad,Male,EA,Young,faces,6Sad_Model2_2Male_2EA_1Young.mp4,5,2
89,0.672622583,4,Anger,Female,African,Young,faces,5Anger_Model4_1Female_3African_1Young.mp4,5,1
57,0.677492347,5,Happy,Male,EA,Young,faces,1Happy_Model5_2Male_2EA_1Young.mp4,5,1
45,0.695734437,2,Fear,Male,EA,Young,faces,3Fear_Model2_2Male_2EA_1Young.mp4,5,2
3,0.701500736,2,Disgust,Female,EA,Young,faces,4Disgust_Model2_1Female_2EA_1Young.mp4,5,2
63,0.709384114,5,Sad,Female,EA,Young,faces,6Sad_Model5_1Female_2EA_1Young.mp4,5,2
32,0.726219159,4,Disgust,Male,WC,Old,faces,4Disgust_Model4_2Male_1WC_2Old.mp4,5,1
61,0.735867445,3,Pleasure,Female,WC,Young,faces,8Pleasure_Model3_1Female_1WC_1Young.mp4,5,3
50,0.775408186,2,Pleasure,Female,WC,Old,faces,8Pleasure_Model2_1Female_1WC_2Old.mp4,5,2
53,0.780263907,3,Fear,Female,African,Young,faces,3Fear_Model3_1Female_3African_1Young.mp4,5,3
34,0.807904165,5,Pain,Male,EA,Old,faces,7Pain_Model5_2Male_2EA_2Old.mp4,5,2
66,0.834147967,3,Pleasure,Female,African,Old,faces,8Pleasure_Model3_1Female_3African_2Old.mp4,5,2
23,0.847282169,1,Sad,Male,African,Young,faces,6Sad_Model1_2Male_3African_1Young.mp4,5,3
53,0.847875589,4,Sad,Female,African,Young,faces,6Sad_Model4_1Female_3African_1Young.mp4,5,1
62,0.848297292,5,Sad,Female,WC,Old,faces,6Sad_Model5_1Female_1WC_2Old.mp4,5,1
87,0.866425454,5,Pleasure,Female,EA,Young,faces,8Pleasure_Model5_1Female_2EA_1Young.mp4,5,3
16,0.866642346,4,Pain,Female,EA,Old,faces,7Pain_Model4_1Female_2EA_2Old.mp4,5,2
71,0.873036186,4,Fear,Male,African,Young,faces,3Fear_Model4_2Male_3African_1Young.mp4,5,2
74,0.896720663,3,Anger,Female,WC,Old,faces,5Anger_Model3_1Female_1WC_2Old.mp4,5,4
16,0.952160333,5,Surprise,Female,EA,Old,faces,2Surprise_Model5_1Female_2EA_2Old.mp4,5,1
76,0.963638058,5,Fear,Female,EA,Old,faces,3Fear_Model5_1Female_2EA_2Old.mp4,5,3
7,0.974753783,4,Surprise,Male,WC,Young,faces,2Surprise_Model4_2Male_1WC_1Young.mp4,5,2
79,0.978162377,1,Pain,Male,WC,Young,faces,7Pain_Model1_2Male_1WC_1Young.mp4,5,3
56,0.98110422,1,Anger,Male,WC,Old,faces,5Anger_Model1_2Male_1WC_2Old.mp4,5,2
61,0.987140669,4,Fear,Female,WC,Young,faces,3Fear_Model4_1Female_1WC_1Young.mp4,5,1
8,0.995455404,3,Pain,Male,WC,Old,faces,7Pain_Model3_2Male_1WC_2Old.mp4,5,1
